"TIMESTAMP","SOURCE_ADDR","URL_PATH","CATEGORY","SUB_CATEGORY_1","SUB_CATEGORY_2","METHOD","STATUS","DURATION","DOM_CONTENT"
"2017-05-16 16:00:15.0","106.51.137.152","/","HTTP:Click","Click on link","<none>","<N/A>","<N/A>","<N/A>","Home"
"2017-05-16 16:01:55.0","106.51.137.152","/give-us-a-shout/","HTTP:Request","Normal","<none>","GET","200","0.5470","<N/A>"
"2017-05-16 16:01:55.0","106.51.137.152","/give-us-a-shout/","HTTP:Click","Click on link","<none>","<N/A>","<N/A>","<N/A>","Contact us"
"2017-05-16 16:02:39.0","106.51.137.152","/give-us-a-shout/","HTTP:Click","<default>","<none>","<N/A>","<N/A>","<N/A>","H4"
"2017-05-16 16:04:03.0","106.51.137.152","/","HTTP:Click","Click on link","<none>","<N/A>","<N/A>","<N/A>","Home"
"2017-05-21 16:34:15.0","109.166.128.22","/cloud/","HTTP:Click","Click on button","<none>","<N/A>","<N/A>","<N/A>","Toggle navigation"
"2017-05-21 16:34:16.0","109.166.128.22","/cloud/","HTTP:Click","<default>","<none>","<N/A>","<N/A>","<N/A>","DIV"
"2017-05-21 16:34:17.0","109.166.128.22","/cloud","HTTP:Click","Click on link","<none>","<N/A>","<N/A>","<N/A>","Login"
"2017-05-17 12:35:36.0","109.173.219.118","/cloud","HTTP:Click","Click on link","<none>","<N/A>","<N/A>","<N/A>","FREE TRIAL (5min setup, No credit card)"
"2017-05-17 12:39:05.0","109.173.219.118","/pricing/","HTTP:Click","Click on link","<none>","<N/A>","<N/A>","<N/A>","Pricing"
"2017-05-17 12:39:41.0","109.173.219.118","/","HTTP:Request","Normal","<none>","GET","200","0.7580","<N/A>"
"2017-05-17 12:39:41.0","109.173.219.118","/pricing/","HTTP:Click","Click on image","<none>","<N/A>","<N/A>","<N/A>","http://germainapm.com/wp-content/uploads/2016/08/logo-website-2.png"
"2017-05-17 14:24:18.0","113.193.227.30","/","HTTP:Request","Normal","<none>","GET","200","1.4910","<N/A>"
"2017-05-17 14:26:05.0","113.193.227.30","/newrelic-vs-germain-apm/","HTTP:Click","Click on link","<none>","<N/A>","<N/A>","<N/A>","germain APM (24×7, real-time, end-to-end, big data)"
"2017-05-17 14:26:06.0","113.193.227.30","/newrelic-vs-germain-apm/","HTTP:Request","Normal","<none>","GET","200","1.0300","<N/A>"
"2017-05-17 14:26:33.0","113.193.227.30","/newrelic-vs-germain-apm/","HTTP:Click","<default>","<none>","<N/A>","<N/A>","<N/A>","P"
"2017-05-17 14:26:34.0","113.193.227.30","/newrelic-vs-germain-apm/","HTTP:Click","<default>","<none>","<N/A>","<N/A>","<N/A>","P"
"2017-05-17 14:26:47.0","113.193.227.30","/newrelic-vs-germain-apm/","HTTP:Click","<default>","<none>","<N/A>","<N/A>","<N/A>","H3"
"2017-05-17 14:26:47.0","113.193.227.30","/newrelic-vs-germain-apm/","HTTP:Click","<default>","<none>","<N/A>","<N/A>","<N/A>","H3"
"2017-05-17 14:26:52.0","113.193.227.30","/for-any-performance-management/application-performance-monitoring/","HTTP:Click","Click on link","<none>","<N/A>","<N/A>","<N/A>","Application Performance Monitoring (Real-time, End-to-end)"
"2017-05-22 08:21:06.0","114.137.55.159","/cloud/","HTTP:Click","<default>","<none>","<N/A>","<N/A>","<N/A>","DIV"
"2017-05-21 05:17:19.0","115.127.66.180","/","HTTP:Request","Normal","<none>","GET","200","2.9320","<N/A>"
"2017-05-21 05:17:39.0","115.127.66.180","/","HTTP:Request","Normal","<none>","GET","200","0.7020","<N/A>"
"2017-05-21 05:18:40.0","115.127.66.180","/","HTTP:Click","<default>","<none>","<N/A>","<N/A>","<N/A>","I"
"2017-05-19 07:51:51.0","115.152.100.253","/cloud/","HTTP:Click","<default>","<none>","<N/A>","<N/A>","<N/A>","FONT"
"2017-05-22 02:59:42.0","118.200.7.48","/hotnews/application-performance-management-for-crm/","HTTP:Request","Normal","<none>","GET","200","1.6910","<N/A>"
"2017-05-22 03:00:13.0","118.200.7.48","/hotnews/application-performance-management-for-crm/","HTTP:Click","<default>","footer","<N/A>","<N/A>","<N/A>","DIV"
"2017-05-22 03:01:11.0","118.200.7.48","/hotnews/application-performance-management-for-crm/","HTTP:Click","<default>","<none>","<N/A>","<N/A>","<N/A>","P"
"2017-05-19 19:17:48.0","12.189.238.29","/for-any-performance-management/real-user-monitoring/","HTTP:Request","Normal","<none>","GET","200","1.2270","<N/A>"
"2017-05-18 15:40:50.0","12.5.27.250","/cloud","HTTP:Click","Click on link","<none>","<N/A>","<N/A>","<N/A>","Login"
"2017-05-18 15:40:57.0","12.5.27.250","/cloud","HTTP:Click","Click on link","<none>","<N/A>","<N/A>","<N/A>","Login"
"2017-05-18 15:54:39.0","12.5.27.250","/cloud","HTTP:Click","Click on link","<none>","<N/A>","<N/A>","<N/A>","Login"
"2017-05-17 11:57:02.0","121.244.133.18","/pricing/","HTTP:Click","Click on link","<none>","<N/A>","<N/A>","<N/A>","Pricing"
"2017-05-17 04:40:55.0","122.53.112.234","/","HTTP:Request","Normal","<none>","GET","200","1.0560","<N/A>"
"2017-05-17 04:41:01.0","122.53.112.234","/","HTTP:Request","Normal","<none>","GET","200","0.7810","<N/A>"
"2017-05-17 04:41:23.0","122.53.112.234","/give-us-a-shout/","HTTP:Request","Normal","<none>","GET","200","0.5350","<N/A>"
"2017-05-17 04:41:23.0","122.53.112.234","/give-us-a-shout/","HTTP:Click","Click on link","<none>","<N/A>","<N/A>","<N/A>","Contact us"
"2017-05-17 04:41:32.0","122.53.112.234","/give-us-a-shout/","HTTP:Click","<default>","<none>","<N/A>","<N/A>","<N/A>","P"
"2017-05-21 13:26:00.0","124.123.86.66","/","HTTP:Request","Normal","<none>","GET","200","1.2240","<N/A>"
"2017-05-21 13:28:01.0","124.123.86.66","/clients/","HTTP:Click","Click on link","<none>","<N/A>","<N/A>","<N/A>","Clients"
"2017-05-21 13:28:03.0","124.123.86.66","/clients/","HTTP:Request","Normal","<none>","GET","200","1.8890","<N/A>"
"2017-05-19 14:19:46.0","148.251.45.170","/","HTTP:Request","Normal","<none>","GET","200","0.2410","<N/A>"
"2017-05-17 18:05:03.0","148.87.23.18","/","HTTP:Request","Normal","<none>","GET","200","0.3490","<N/A>"
"2017-05-17 18:05:07.0","148.87.23.18","/","HTTP:Click","<default>","<none>","<N/A>","<N/A>","<N/A>","DIV"
"2017-05-17 18:05:12.0","148.87.23.18","/","HTTP:Click","<default>","<none>","<N/A>","<N/A>","<N/A>","I"
"2017-05-21 22:22:56.0","159.203.164.194","/","HTTP:Request","Normal","<none>","GET","200","0.1180","<N/A>"
"2017-05-18 17:55:39.0","161.165.196.109","/","HTTP:Request","Normal","<none>","GET","200","3.9040","<N/A>"
"2017-05-16 23:32:10.0","173.77.166.173","/newrelic-vs-germain-apm/","HTTP:Request","Normal","<none>","GET","200","0.3220","<N/A>"
"2017-05-16 23:32:10.0","173.77.166.173","/newrelic-vs-germain-apm/","HTTP:Click","Click on link","<none>","<N/A>","<N/A>","<N/A>","germain APM (24×7, real-time, end-to-end, big data)"
"2017-05-16 23:32:22.0","173.77.166.173","/pricing/","HTTP:Click","Click on link","<none>","<N/A>","<N/A>","<N/A>","Pricing"
"2017-05-20 08:53:45.0","176.33.142.110","/cloud/","HTTP:Click","<default>","<none>","<N/A>","<N/A>","<N/A>","FONT"
"2017-05-20 08:54:56.0","176.33.142.110","/core-values/","HTTP:Request","Normal","<none>","GET","200","0.6520","<N/A>"
"2017-05-20 08:54:56.0","176.33.142.110","/cloud/","HTTP:Click","<default>","<none>","<N/A>","<N/A>","<N/A>","FONT"
"2017-05-20 08:55:30.0","176.33.142.110","/plugins-available/","HTTP:Request","Normal","<none>","GET","200","0.6150","<N/A>"
"2017-05-20 08:55:30.0","176.33.142.110","/cloud/","HTTP:Click","<default>","<none>","<N/A>","<N/A>","<N/A>","FONT"
"2017-05-20 08:55:41.0","176.33.142.110","/plugins-available/","HTTP:Click","<default>","<none>","<N/A>","<N/A>","<N/A>","P"
"2017-05-20 08:55:42.0","176.33.142.110","/plugins-available/","HTTP:Click","<default>","<none>","<N/A>","<N/A>","<N/A>","FONT"
"2017-05-20 08:55:44.0","176.33.142.110","/plugins-available/","HTTP:Click","<default>","<none>","<N/A>","<N/A>","<N/A>","FONT"
"2017-05-20 08:55:46.0","176.33.142.110","/plugins-available/","HTTP:Click","<default>","<none>","<N/A>","<N/A>","<N/A>","DIV"
"2017-05-20 18:55:17.0","178.215.186.87","/hotnews/application-performance-management-for-crm/","HTTP:Request","Normal","<none>","GET","200","0.7180","<N/A>"
"2017-05-16 10:15:36.0","180.151.36.190","/newrelic-vs-germain-apm/","HTTP:Click","Click on link","<none>","<N/A>","<N/A>","<N/A>","germain APM (24×7, real-time, end-to-end, big data)"
"2017-05-16 10:15:37.0","180.151.36.190","/newrelic-vs-germain-apm/","HTTP:Request","Normal","<none>","GET","200","1.0720","<N/A>"
"2017-05-16 10:16:10.0","180.151.36.190","/","HTTP:Click","Click on link","<none>","<N/A>","<N/A>","<N/A>","Home"
"2017-05-17 14:34:39.0","180.151.36.190","/","HTTP:Request","Normal","<none>","GET","200","0.2630","<N/A>"
"2017-05-17 14:39:25.0","180.151.36.190","/","HTTP:Click","<default>","<none>","<N/A>","<N/A>","<N/A>","I"
"2017-05-18 11:41:38.0","180.151.36.190","/","HTTP:Request","Normal","<none>","GET","200","1.7390","<N/A>"
"2017-05-18 11:45:42.0","180.151.36.190","/","HTTP:Request","Normal","<none>","GET","200","1.4460","<N/A>"
"2017-05-18 11:46:21.0","180.151.36.190","/","HTTP:Click","<default>","<none>","<N/A>","<N/A>","<N/A>","FONT"
"2017-05-22 10:10:03.0","180.151.36.190","/","HTTP:Request","Normal","<none>","GET","200","1.7820","<N/A>"
"2017-05-22 10:15:06.0","180.151.36.190","/for-any-performance-management/any-business-process-monitoring/","HTTP:Click","Click on link","<none>","<N/A>","<N/A>","<N/A>","Business Process Performance Monitoring"
"2017-05-22 10:16:53.0","180.151.36.190","/for-any-performance-management/any-business-process-monitoring/","HTTP:Click","<default>","changingtext","<N/A>","<N/A>","<N/A>","H1"
"2017-05-22 10:17:51.0","180.151.36.190","/","HTTP:Click","Click on link","<none>","<N/A>","<N/A>","<N/A>","Home"
"2017-05-22 10:17:52.0","180.151.36.190","/","HTTP:Request","Normal","<none>","GET","200","1.1620","<N/A>"
"2017-05-22 10:19:44.0","180.151.36.190","/for-any-performance-management/any-business-process-monitoring/","HTTP:Click","Click on link","<none>","<N/A>","<N/A>","<N/A>","Business Process Performance Monitoring"
"2017-05-18 14:30:49.0","182.68.15.132","/","HTTP:Request","Normal","<none>","GET","200","2.1550","<N/A>"
"2017-05-18 14:31:32.0","182.68.15.132","/core-values/","HTTP:Click","Click on link","<none>","<N/A>","<N/A>","<N/A>","Code of Conduct"
"2017-05-18 14:31:33.0","182.68.15.132","/core-values/","HTTP:Request","Normal","<none>","GET","200","0.8630","<N/A>"
"2017-05-16 14:04:30.0","188.146.143.253","/","HTTP:Click","<default>","<none>","<N/A>","<N/A>","<N/A>","HTML"
"2017-05-16 14:04:35.0","188.146.143.253","/pricing/","HTTP:Click","Click on link","<none>","<N/A>","<N/A>","<N/A>","Pricing"
"2017-05-16 14:04:52.0","188.146.143.253","/pricing/","HTTP:Click","<default>","<none>","<N/A>","<N/A>","<N/A>","DIV"
"2017-05-22 12:03:22.0","188.85.32.104","/complete-siebel-performance-and-availability-monitoring-tool-gmt-v185/siebel-root-cause-analysis","HTTP:Request","Normal","<none>","GET","200","7.4540","<N/A>"
"2017-05-18 13:25:54.0","189.214.6.243","/germain-crt/","HTTP:Request","Normal","<none>","GET","200","4.8910","<N/A>"
"2017-05-22 12:12:56.0","189.84.223.74","/","HTTP:Click","Click on link","<none>","<N/A>","<N/A>","<N/A>","Home"
"2017-05-22 12:12:58.0","189.84.223.74","/","HTTP:Request","Normal","<none>","GET","200","1.7980","<N/A>"
"2017-05-22 12:13:11.0","189.84.223.74","/","HTTP:Click","<default>","<none>","<N/A>","<N/A>","<N/A>","DIV"
"2017-05-22 12:13:13.0","189.84.223.74","/","HTTP:Click","<default>","<none>","<N/A>","<N/A>","<N/A>","DIV"
"2017-05-22 12:13:15.0","189.84.223.74","/","HTTP:Click","<default>","<none>","<N/A>","<N/A>","<N/A>","DIV"
"2017-05-22 12:13:18.0","189.84.223.74","/","HTTP:Click","<default>","<none>","<N/A>","<N/A>","<N/A>","DIV"
"2017-05-22 12:13:31.0","189.84.223.74","/","HTTP:Click","<default>","<none>","<N/A>","<N/A>","<N/A>","DIV"
"2017-05-22 12:13:34.0","189.84.223.74","/","HTTP:Click","<default>","<none>","<N/A>","<N/A>","<N/A>","DIV"
"2017-05-22 12:13:38.0","189.84.223.74","/","HTTP:Click","<default>","<none>","<N/A>","<N/A>","<N/A>","DIV"
"2017-05-22 12:13:40.0","189.84.223.74","/","HTTP:Click","<default>","<none>","<N/A>","<N/A>","<N/A>","DIV"
"2017-05-22 12:13:45.0","189.84.223.74","/","HTTP:Click","<default>","<none>","<N/A>","<N/A>","<N/A>","DIV"
"2017-05-22 12:13:47.0","189.84.223.74","/","HTTP:Click","Click on link","<none>","<N/A>","<N/A>","<N/A>","Software "
"2017-05-22 12:13:48.0","189.84.223.74","/","HTTP:Click","Click on link","<none>","<N/A>","<N/A>","<N/A>","Software "
"2017-05-22 12:13:53.0","189.84.223.74","/newrelic-vs-germain-apm/","HTTP:Click","Click on link","<none>","<N/A>","<N/A>","<N/A>","germain APM (24×7, real-time, end-to-end, big data)"
"2017-05-22 12:13:54.0","189.84.223.74","/newrelic-vs-germain-apm/","HTTP:Request","Normal","<none>","GET","200","0.8120","<N/A>"
"2017-05-22 12:14:24.0","189.84.223.74","/newrelic-vs-germain-apm/","HTTP:Click","<default>","<none>","<N/A>","<N/A>","<N/A>","SPAN"
"2017-05-22 12:14:30.0","189.84.223.74","/cloud/","HTTP:Click","Click on link","<none>","<N/A>","<N/A>","<N/A>","Software "
"2017-05-22 12:14:34.0","189.84.223.74","/for-any-performance-management/real-user-monitoring/","HTTP:Click","Click on link","<none>","<N/A>","<N/A>","<N/A>","Real User Monitoring (any html apps)"
"2017-05-22 12:14:35.0","189.84.223.74","/for-any-performance-management/real-user-monitoring/","HTTP:Request","Normal","<none>","GET","200","0.7290","<N/A>"
"2017-05-22 12:15:20.0","189.84.223.74","/pricing/","HTTP:Click","Click on link","<none>","<N/A>","<N/A>","<N/A>","Pricing"
"2017-05-20 20:31:24.0","190.251.132.162","/pricing/","HTTP:Click","Click on link","<none>","<N/A>","<N/A>","<N/A>","Pricing"
"2017-05-21 12:07:44.0","192.118.36.53","/","HTTP:Request","Normal","<none>","GET","200","0.5070","<N/A>"
"2017-05-21 12:09:30.0","192.118.36.53","<default>","HTTP:Click","Click on link","<none>","<N/A>","<N/A>","<N/A>","2"
"2017-05-21 12:09:32.0","192.118.36.53","<default>","HTTP:Click","Click on link","<none>","<N/A>","<N/A>","<N/A>","3"
"2017-05-21 12:11:16.0","192.118.36.53","/","HTTP:Click","<default>","<none>","<N/A>","<N/A>","<N/A>","DIV"
"2017-05-16 16:14:37.0","193.143.249.145","/pricing/","HTTP:Click","Click on link","<none>","<N/A>","<N/A>","<N/A>","Pricing"
"2017-05-17 10:21:58.0","195.212.29.95","/","HTTP:Request","Normal","<none>","GET","200","0.6890","<N/A>"
"2017-05-17 11:02:04.0","195.212.29.95","/clients/","HTTP:Click","Click on link","<none>","<N/A>","<N/A>","<N/A>","Clients"
"2017-05-17 11:02:05.0","195.212.29.95","/clients/","HTTP:Request","Normal","<none>","GET","200","0.6350","<N/A>"
"2017-05-18 09:38:58.0","195.239.1.86","/cloud","HTTP:Click","Click on link","<none>","<N/A>","<N/A>","<N/A>","FREE TRIAL (5min setup, No credit card)"
"2017-05-18 09:39:30.0","195.239.1.86","/plugins-available/","HTTP:Click","Click on link","<none>","<N/A>","<N/A>","<N/A>","Plugins"
"2017-05-18 09:39:31.0","195.239.1.86","/plugins-available/","HTTP:Request","Normal","<none>","GET","200","0.5030","<N/A>"
"2017-05-18 09:40:01.0","195.239.1.86","/plugins-available/","HTTP:Click","<default>","<none>","<N/A>","<N/A>","<N/A>","DIV"
"2017-05-22 15:42:49.0","200.141.74.185","/","HTTP:Request","Normal","<none>","GET","200","4.0200","<N/A>"
"2017-05-22 20:05:15.0","201.158.20.27","/","HTTP:Request","Normal","<none>","GET","200","2.9150","<N/A>"
"2017-05-17 07:13:47.0","202.69.35.147","/","HTTP:Click","<default>","<none>","<N/A>","<N/A>","<N/A>","DIV"
"2017-05-17 07:13:49.0","202.69.35.147","/","HTTP:Click","<default>","<none>","<N/A>","<N/A>","<N/A>","DIV"
"2017-05-17 07:14:00.0","202.69.35.147","/ux-expert/","HTTP:Click","Click on link","<none>","<N/A>","<N/A>","<N/A>","UX Expert"
"2017-05-17 07:14:02.0","202.69.35.147","/ux-expert/","HTTP:Request","Normal","<none>","GET","200","2.0200","<N/A>"
"2017-05-17 07:19:57.0","202.69.35.147","/ux-expert/","HTTP:Click","<default>","footer","<N/A>","<N/A>","<N/A>","DIV"
"2017-05-22 03:32:02.0","202.78.103.226","/","HTTP:Request","Normal","<none>","GET","200","1.0000","<N/A>"
"2017-05-22 03:32:51.0","202.78.103.226","/give-us-a-shout/","HTTP:Request","Normal","<none>","GET","200","1.9150","<N/A>"
"2017-05-22 03:33:01.0","202.78.103.226","/give-us-a-shout/","HTTP:Click","<default>","<none>","<N/A>","<N/A>","<N/A>","H4"
"2017-05-22 03:33:07.0","202.78.103.226","/give-us-a-shout/","HTTP:Click","<default>","aq-block-33-3","<N/A>","<N/A>","<N/A>","DIV"
"2017-05-22 02:28:01.0","203.153.83.8","/","HTTP:Request","Normal","<none>","GET","200","1.4740","<N/A>"
"2017-05-22 02:28:30.0","203.153.83.8","/newrelic-vs-germain-apm/","HTTP:Click","Click on link","<none>","<N/A>","<N/A>","<N/A>","germain APM (24×7, real-time, end-to-end, big data)"
"2017-05-22 02:28:31.0","203.153.83.8","/newrelic-vs-germain-apm/","HTTP:Request","Normal","<none>","GET","200","0.8900","<N/A>"
"2017-05-22 02:28:48.0","203.153.83.8","/newrelic-vs-germain-apm/","HTTP:Click","<default>","<none>","<N/A>","<N/A>","<N/A>","DIV"
"2017-05-22 02:30:04.0","203.153.83.8","/newrelic-vs-germain-apm/","HTTP:Click","<default>","<none>","<N/A>","<N/A>","<N/A>","DIV"
"2017-05-22 02:30:07.0","203.153.83.8","/cloud","HTTP:Click","Click on link","<none>","<N/A>","<N/A>","<N/A>","FREE TRIAL (5min setup, No credit card)"
"2017-05-18 08:31:59.0","203.191.35.24","/","HTTP:Request","Normal","<none>","GET","200","0.8270","<N/A>"
"2017-05-18 08:35:52.0","203.191.35.24","/","HTTP:Click","<default>","<none>","<N/A>","<N/A>","<N/A>","DIV"
"2017-05-18 08:35:57.0","203.191.35.24","/","HTTP:Click","<default>","<none>","<N/A>","<N/A>","<N/A>","DIV"
"2017-05-18 08:35:58.0","203.191.35.24","/","HTTP:Click","<default>","<none>","<N/A>","<N/A>","<N/A>","DIV"
"2017-05-18 08:36:02.0","203.191.35.24","/newrelic-vs-germain-apm/","HTTP:Click","Click on link","<none>","<N/A>","<N/A>","<N/A>","germain APM (24×7, real-time, end-to-end, big data)"
"2017-05-18 08:36:47.0","203.191.35.24","/newrelic-vs-germain-apm/","HTTP:Request","Normal","<none>","GET","200","0.7680","<N/A>"
"2017-05-16 17:50:33.0","207.250.247.60","/","HTTP:Click","<default>","text-10","<N/A>","<N/A>","<N/A>","DIV"
"2017-05-16 17:50:33.0","207.250.247.60","/give-us-a-shout/","HTTP:Click","Click on link","<none>","<N/A>","<N/A>","<N/A>","Contact us"
"2017-05-16 17:50:34.0","207.250.247.60","/give-us-a-shout/","HTTP:Request","Normal","<none>","GET","200","0.4460","<N/A>"
"2017-05-16 17:50:41.0","207.250.247.60","/give-us-a-shout/","HTTP:Click","<default>","<none>","<N/A>","<N/A>","<N/A>","P"
"2017-05-17 09:37:08.0","213.249.56.36","/","HTTP:Click","Click on link","<none>","<N/A>","<N/A>","<N/A>","Home"
"2017-05-17 09:37:09.0","213.249.56.36","/","HTTP:Request","Normal","<none>","GET","200","0.9520","<N/A>"
"2017-05-19 18:30:15.0","216.113.160.70","/","HTTP:Request","Normal","<none>","GET","200","0.2270","<N/A>"
"2017-05-19 18:30:28.0","216.113.160.70","/give-us-a-shout/","HTTP:Click","Click on link","<none>","<N/A>","<N/A>","<N/A>","Contact us"
"2017-05-19 18:30:29.0","216.113.160.70","/give-us-a-shout/","HTTP:Request","Normal","<none>","GET","200","0.4840","<N/A>"
"2017-05-22 12:55:40.0","223.66.249.218","/","HTTP:Request","Normal","<none>","GET","200","10.9710","<N/A>"
"2017-05-21 18:43:04.0","24.114.43.173","/cloud/","HTTP:Click","<default>","hsForm_8c4d4583-3fcc-4a58-a320-76388f07c864","<N/A>","<N/A>","<N/A>","FORM"
"2017-05-22 18:19:40.0","24.118.72.125","/","HTTP:Click","Click on link","<none>","<N/A>","<N/A>","<N/A>","Home"
"2017-05-22 18:19:41.0","24.118.72.125","/","HTTP:Request","Normal","<none>","GET","200","0.7350","<N/A>"
"2017-05-19 18:16:42.0","31.4.189.46","/cloud/","HTTP:Click","<default>","<none>","<N/A>","<N/A>","<N/A>","DIV"
"2017-05-22 17:35:26.0","38.140.30.202","/","HTTP:Request","Normal","<none>","GET","200","3.2980","<N/A>"
"2017-05-18 18:10:03.0","43.243.38.150","/","HTTP:Request","Normal","<none>","GET","200","0.6140","<N/A>"
"2017-05-18 07:09:29.0","5.32.117.70","/cloud/","HTTP:Click","Click on image","<none>","<N/A>","<N/A>","<N/A>","http://germainapm.com/wp-content/uploads/2016/08/logo-website-2.png"
"2017-05-18 07:09:32.0","5.32.117.70","/","HTTP:Request","Normal","<none>","GET","200","2.5870","<N/A>"
"2017-05-20 22:15:17.0","50.117.131.167","/cloud","HTTP:Click","Click on link","<none>","<N/A>","<N/A>","<N/A>","Login"
"2017-05-16 23:03:06.0","50.156.117.197","/solutions-by-roles/application-administrator/","HTTP:Request","Normal","<none>","GET","200","0.7740","<N/A>"
"2017-05-16 23:06:25.0","50.156.117.197","/solutions-by-roles/application-administrator/","HTTP:Request","Normal","<none>","GET","200","0.7970","<N/A>"
"2017-05-16 23:06:51.0","50.156.117.197","/solutions-by-roles/application-administrator/","HTTP:Click","Click on button","<none>","<N/A>","<N/A>","<N/A>","Learn more"
"2017-05-16 23:07:13.0","50.156.117.197","/solutions-by-roles/application-administrator/","HTTP:Request","Normal","<none>","GET","200","0.0090","<N/A>"
"2017-05-16 23:08:37.0","50.156.117.197","/solutions-by-roles/application-administrator/","HTTP:Request","Normal","<none>","GET","200","0.8630","<N/A>"
"2017-05-16 23:08:43.0","50.156.117.197","/solutions-by-roles/application-administrator/","HTTP:Request","Normal","<none>","GET","200","0.7900","<N/A>"
"2017-05-16 23:09:20.0","50.156.117.197","/solutions-by-roles/application-administrator/","HTTP:Request","Normal","<none>","GET","200","0.5620","<N/A>"
"2017-05-16 23:10:10.0","50.156.117.197","/solutions-by-roles/application-developer/","HTTP:Click","Click on link","<none>","<N/A>","<N/A>","<N/A>","Application Developer"
"2017-05-16 23:10:11.0","50.156.117.197","/solutions-by-roles/application-developer/","HTTP:Request","Normal","<none>","GET","200","0.7400","<N/A>"
"2017-05-16 23:10:24.0","50.156.117.197","/germain-crt/","HTTP:Request","Normal","<none>","GET","200","0.7830","<N/A>"
"2017-05-16 23:10:24.0","50.156.117.197","/solutions-by-roles/application-developer/","HTTP:Click","Click on button","<none>","<N/A>","<N/A>","<N/A>","Learn more"
"2017-05-16 23:10:34.0","50.156.117.197","/solutions-by-roles/application-developer/","HTTP:Request","Normal","<none>","GET","200","0.0050","<N/A>"
"2017-05-16 23:10:40.0","50.156.117.197","/newrelic-vs-germain-apm/","HTTP:Click","Click on link","<none>","<N/A>","<N/A>","<N/A>","germain APM (24×7, real-time, end-to-end, big data)"
"2017-05-16 23:10:41.0","50.156.117.197","/newrelic-vs-germain-apm/","HTTP:Request","Normal","<none>","GET","200","0.8430","<N/A>"
"2017-05-16 23:11:01.0","50.156.117.197","/newrelic-vs-germain-apm/","HTTP:Click","<default>","<none>","<N/A>","<N/A>","<N/A>","DIV"
"2017-05-16 23:11:02.0","50.156.117.197","/newrelic-vs-germain-apm/","HTTP:Click","<default>","<none>","<N/A>","<N/A>","<N/A>","SPAN"
"2017-05-16 23:11:13.0","50.156.117.197","/newrelic-vs-germain-apm/","HTTP:Request","Normal","<none>","GET","200","0.0020","<N/A>"
"2017-05-16 23:12:12.0","50.156.117.197","/solutions-by-roles/application-administrator/","HTTP:Click","Click on link","<none>","<N/A>","<N/A>","<N/A>","Application Administrator"
"2017-05-16 23:12:13.0","50.156.117.197","/solutions-by-roles/application-administrator/","HTTP:Request","Normal","<none>","GET","200","0.6210","<N/A>"
"2017-05-16 23:12:21.0","50.156.117.197","/solutions-by-roles/application-administrator/","HTTP:Click","Click on button","<none>","<N/A>","<N/A>","<N/A>","Learn more"
"2017-05-16 23:12:22.0","50.156.117.197","/newrelic-vs-germain-apm/","HTTP:Request","Normal","<none>","GET","200","0.8610","<N/A>"
"2017-05-16 23:17:39.0","50.156.117.197","/newrelic-vs-germain-apm/","HTTP:Click","Click on link","<none>","<N/A>","<N/A>","<N/A>","germain APM (24×7, real-time, end-to-end, big data)"
"2017-05-16 23:17:40.0","50.156.117.197","/newrelic-vs-germain-apm/","HTTP:Request","Normal","<none>","GET","200","0.7290","<N/A>"
"2017-05-16 23:17:57.0","50.156.117.197","/newrelic-vs-germain-apm/","HTTP:Click","<default>","<none>","<N/A>","<N/A>","<N/A>","DIV"
"2017-05-16 23:18:00.0","50.156.117.197","/newrelic-vs-germain-apm/","HTTP:Click","<default>","<none>","<N/A>","<N/A>","<N/A>","SPAN"
"2017-05-16 23:24:22.0","50.156.117.197","/newrelic-vs-germain-apm/","HTTP:Click","Click on link","<none>","<N/A>","<N/A>","<N/A>","germain APM (24×7, real-time, end-to-end, big data)"
"2017-05-16 23:24:23.0","50.156.117.197","/newrelic-vs-germain-apm/","HTTP:Request","Normal","<none>","GET","200","0.7120","<N/A>"
"2017-05-16 23:40:56.0","50.156.117.197","/newrelic-vs-germain-apm/","HTTP:Click","Click on link","<none>","<N/A>","<N/A>","<N/A>","germain APM (24×7, real-time, end-to-end, big data)"
"2017-05-16 23:40:57.0","50.156.117.197","/newrelic-vs-germain-apm/","HTTP:Request","Normal","<none>","GET","200","0.5540","<N/A>"
"2017-05-16 23:46:01.0","50.156.117.197","/","HTTP:Click","<default>","<none>","<N/A>","<N/A>","<N/A>","DIV"
"2017-05-16 23:49:25.0","50.156.117.197","/","HTTP:Click","<default>","<none>","<N/A>","<N/A>","<N/A>","DIV"
"2017-05-16 23:50:01.0","50.156.117.197","/","HTTP:Click","<default>","<none>","<N/A>","<N/A>","<N/A>","DIV"
"2017-05-16 23:50:10.0","50.156.117.197","/","HTTP:Click","<default>","<none>","<N/A>","<N/A>","<N/A>","DIV"
"2017-05-16 23:50:42.0","50.156.117.197","/","HTTP:Click","<default>","<none>","<N/A>","<N/A>","<N/A>","DIV"
"2017-05-17 00:18:04.0","50.156.117.197","/newrelic-vs-germain-apm/","HTTP:Request","Normal","<none>","GET","200","0.2530","<N/A>"
"2017-05-17 00:18:23.0","50.156.117.197","/germain-crt/","HTTP:Click","Click on link","<none>","<N/A>","<N/A>","<N/A>","germain CRT (Code/Object Review & Tuning Recommendations)"
"2017-05-17 00:18:24.0","50.156.117.197","/germain-crt/","HTTP:Request","Normal","<none>","GET","200","0.5680","<N/A>"
"2017-05-17 00:18:47.0","50.156.117.197","/germain-crt/","HTTP:Click","<default>","<none>","<N/A>","<N/A>","<N/A>","VIDEO"
"2017-05-17 00:18:55.0","50.156.117.197","/germain-crt/","HTTP:Click","Click on link","<none>","<N/A>","<N/A>","<N/A>","germain CRT (Code/Object Review & Tuning Recommendations)"
"2017-05-17 00:18:56.0","50.156.117.197","/germain-crt/","HTTP:Request","Normal","<none>","GET","200","0.7420","<N/A>"
"2017-05-17 00:19:06.0","50.156.117.197","/germain-crt/","HTTP:Click","<default>","<none>","<N/A>","<N/A>","<N/A>","VIDEO"
"2017-05-17 00:19:07.0","50.156.117.197","/germain-crt/","HTTP:Click","<default>","<none>","<N/A>","<N/A>","<N/A>","VIDEO"
"2017-05-17 00:19:07.0","50.156.117.197","/germain-crt/","HTTP:Click","<default>","<none>","<N/A>","<N/A>","<N/A>","VIDEO"
"2017-05-17 00:19:11.0","50.156.117.197","/germain-crt/","HTTP:Click","<default>","<none>","<N/A>","<N/A>","<N/A>","VIDEO"
"2017-05-17 00:19:22.0","50.156.117.197","/germain-crt/","HTTP:Click","Click on image","<none>","<N/A>","<N/A>","<N/A>","http://germainapm.com/wp-content/uploads/2014/09/video-player2.png"
"2017-05-17 00:19:23.0","50.156.117.197","/germain-crt/","HTTP:Click","Click on image","<none>","<N/A>","<N/A>","<N/A>","http://germainapm.com/wp-content/uploads/2014/09/video-player2.png"
"2017-05-17 00:23:32.0","50.156.117.197","/assets/videos/Germain-02MI.mp4","HTTP:Request","Normal","<none>","GET","200","0.5190","<N/A>"
"2017-05-17 00:33:36.0","50.156.117.197","/germain-crt/","HTTP:Request","Normal","<none>","GET","200","0.9920","<N/A>"
"2017-05-17 00:33:51.0","50.156.117.197","/germain-crt/","HTTP:Click","<default>","<none>","<N/A>","<N/A>","<N/A>","VIDEO"
"2017-05-17 00:33:59.0","50.156.117.197","/germain-crt/","HTTP:Click","<default>","<none>","<N/A>","<N/A>","<N/A>","DIV"
"2017-05-17 00:43:05.0","50.156.117.197","/assets/videos/germainAPM.mp4","HTTP:Request","Normal","<none>","GET","200","0.6370","<N/A>"
"2017-05-17 00:45:24.0","50.156.117.197","/germain-crt/","HTTP:Request","Normal","<none>","GET","200","1.0030","<N/A>"
"2017-05-17 00:48:28.0","50.156.117.197","/germain-crt/","HTTP:Request","Normal","<none>","GET","200","2.2700","<N/A>"
"2017-05-17 00:48:37.0","50.156.117.197","/newrelic-vs-germain-apm/","HTTP:Request","Normal","<none>","GET","200","0.5630","<N/A>"
"2017-05-17 00:48:37.0","50.156.117.197","/newrelic-vs-germain-apm/","HTTP:Click","Click on link","<none>","<N/A>","<N/A>","<N/A>","germain APM (24×7, real-time, end-to-end, big data)"
"2017-05-17 00:54:02.0","50.156.117.197","/","HTTP:Request","Normal","<none>","GET","200","0.8400","<N/A>"
"2017-05-17 00:55:30.0","50.156.117.197","/","HTTP:Request","Normal","<none>","GET","200","0.7420","<N/A>"
"2017-05-17 00:56:03.0","50.156.117.197","/","HTTP:Click","Click on link","<none>","<N/A>","<N/A>","<N/A>","Home"
"2017-05-17 00:56:04.0","50.156.117.197","/","HTTP:Request","Normal","<none>","GET","200","0.6750","<N/A>"
"2017-05-17 00:58:26.0","50.156.117.197","/","HTTP:Request","Normal","<none>","GET","200","0.9060","<N/A>"
"2017-05-17 00:59:43.0","50.156.117.197","/newrelic-vs-germain-apm/","HTTP:Request","Normal","<none>","GET","200","0.4910","<N/A>"
"2017-05-17 00:59:43.0","50.156.117.197","/newrelic-vs-germain-apm/","HTTP:Click","Click on link","<none>","<N/A>","<N/A>","<N/A>","germain APM (24×7, real-time, end-to-end, big data)"
"2017-05-17 01:01:37.0","50.156.117.197","/","HTTP:Request","Normal","<none>","GET","200","1.0030","<N/A>"
"2017-05-17 01:02:49.0","50.156.117.197","/","HTTP:Request","Normal","<none>","GET","200","0.5520","<N/A>"
"2017-05-17 01:04:49.0","50.156.117.197","/request-demo/","HTTP:Request","Normal","<none>","GET","200","1.7180","<N/A>"
"2017-05-17 01:06:56.0","50.156.117.197","/","HTTP:Request","Normal","<none>","GET","200","0.9640","<N/A>"
"2017-05-17 01:07:55.0","50.156.117.197","/","HTTP:Request","Normal","<none>","GET","200","0.5960","<N/A>"
"2017-05-17 01:13:36.0","50.156.117.197","/","HTTP:Request","Normal","<none>","GET","200","0.7330","<N/A>"
"2017-05-17 01:16:20.0","50.156.117.197","/","HTTP:Request","Normal","<none>","GET","200","0.7790","<N/A>"
"2017-05-17 01:17:49.0","50.156.117.197","/","HTTP:Request","Normal","<none>","GET","200","0.9770","<N/A>"
"2017-05-17 01:19:06.0","50.156.117.197","/","HTTP:Request","Normal","<none>","GET","200","0.6240","<N/A>"
"2017-05-17 01:26:28.0","50.156.117.197","/","HTTP:Request","Normal","<none>","GET","200","0.6810","<N/A>"
"2017-05-17 01:28:23.0","50.156.117.197","/","HTTP:Request","Normal","<none>","GET","200","0.0060","<N/A>"
"2017-05-17 01:28:37.0","50.156.117.197","/","HTTP:Click","<default>","<none>","<N/A>","<N/A>","<N/A>","SPAN"
"2017-05-17 01:28:38.0","50.156.117.197","/request-demo/","HTTP:Request","Normal","<none>","GET","200","1.4160","<N/A>"
"2017-05-17 01:28:45.0","50.156.117.197","/","HTTP:Request","Normal","<none>","GET","200","0.0020","<N/A>"
"2017-05-17 01:28:49.0","50.156.117.197","/","HTTP:Click","<default>","<none>","<N/A>","<N/A>","<N/A>","SPAN"
"2017-05-17 01:28:50.0","50.156.117.197","/landing/apm-brochure/","HTTP:Request","Normal","<none>","GET","200","0.8790","<N/A>"
"2017-05-17 01:29:16.0","50.156.117.197","/","HTTP:Request","Normal","<none>","GET","200","0.0140","<N/A>"
"2017-05-17 01:29:44.0","50.156.117.197","/","HTTP:Request","Normal","<none>","GET","200","0.9610","<N/A>"
"2017-05-17 01:32:13.0","50.156.117.197","/","HTTP:Request","Normal","<none>","GET","200","0.5560","<N/A>"
"2017-05-17 01:33:05.0","50.156.117.197","/","HTTP:Request","Normal","<none>","GET","200","0.6760","<N/A>"
"2017-05-17 01:46:56.0","50.156.117.197","/request-demo/","HTTP:Request","Normal","<none>","GET","200","3.1470","<N/A>"
"2017-05-17 01:47:17.0","50.156.117.197","/","HTTP:Request","Normal","<none>","GET","200","1.8220","<N/A>"
"2017-05-17 01:47:31.0","50.156.117.197","/landing/apm-brochure/","HTTP:Request","Normal","<none>","GET","200","1.1070","<N/A>"
"2017-05-17 01:50:26.0","50.156.117.197","/landing/apm-brochure/","HTTP:Request","Normal","<none>","GET","200","1.3470","<N/A>"
"2017-05-17 01:52:11.0","50.156.117.197","/landing/apm-brochure/","HTTP:Request","Normal","<none>","GET","200","0.7340","<N/A>"
"2017-05-17 02:09:43.0","50.156.117.197","/solutions-by-roles/application-developer/","HTTP:Request","Normal","<none>","GET","200","0.5370","<N/A>"
"2017-05-17 02:09:43.0","50.156.117.197","/solutions-by-roles/application-developer/","HTTP:Click","Click on link","<none>","<N/A>","<N/A>","<N/A>","Application Developer"
"2017-05-17 02:09:51.0","50.156.117.197","/solutions-by-roles/application-developer/","HTTP:Click","Click on button","<none>","<N/A>","<N/A>","<N/A>","Learn more"
"2017-05-17 02:09:56.0","50.156.117.197","/germain-crt/","HTTP:Request","Normal","<none>","GET","200","5.2530","<N/A>"
"2017-05-17 02:10:42.0","50.156.117.197","/solutions-by-roles/application-developer/","HTTP:Request","Normal","<none>","GET","200","0.0020","<N/A>"
"2017-05-17 02:11:01.0","50.156.117.197","/solutions-by-roles/database-administrator/","HTTP:Request","Normal","<none>","GET","200","0.7940","<N/A>"
"2017-05-17 02:11:01.0","50.156.117.197","/solutions-by-roles/database-administrator","HTTP:Click","Click on link","<none>","<N/A>","<N/A>","<N/A>","Learn more"
"2017-05-17 02:11:06.0","50.156.117.197","/solutions-by-roles/application-developer/","HTTP:Request","Normal","<none>","GET","200","0.0060","<N/A>"
"2017-05-17 02:11:13.0","50.156.117.197","/solutions-by-roles/application-administrator","HTTP:Click","Click on link","<none>","<N/A>","<N/A>","<N/A>","Learn more"
"2017-05-17 02:11:14.0","50.156.117.197","/solutions-by-roles/application-administrator/","HTTP:Request","Normal","<none>","GET","200","0.8010","<N/A>"
"2017-05-17 02:11:18.0","50.156.117.197","/solutions-by-roles/application-developer/","HTTP:Request","Normal","<none>","GET","200","0.0400","<N/A>"
"2017-05-17 02:11:26.0","50.156.117.197","/solutions-by-roles/application-developer","HTTP:Click","Click on link","<none>","<N/A>","<N/A>","<N/A>","Learn more"
"2017-05-17 02:11:27.0","50.156.117.197","/solutions-by-roles/application-developer/","HTTP:Request","Normal","<none>","GET","200","0.7170","<N/A>"
"2017-05-17 02:11:30.0","50.156.117.197","/solutions-by-roles/application-developer/","HTTP:Request","Normal","<none>","GET","200","0.0020","<N/A>"
"2017-05-17 02:11:58.0","50.156.117.197","/solutions-by-roles/application-developer","HTTP:Click","Click on link","<none>","<N/A>","<N/A>","<N/A>","Learn more"
"2017-05-17 02:11:59.0","50.156.117.197","/solutions-by-roles/application-developer/","HTTP:Request","Normal","<none>","GET","200","1.1040","<N/A>"
"2017-05-17 02:12:13.0","50.156.117.197","/solutions-by-roles/application-developer/","HTTP:Request","Normal","<none>","GET","200","0.0020","<N/A>"
"2017-05-17 02:12:36.0","50.156.117.197","/germain-crt/","HTTP:Request","Normal","<none>","GET","200","0.7800","<N/A>"
"2017-05-17 02:14:23.0","50.156.117.197","/solutions-by-roles/data-scientist/","HTTP:Click","Click on link","<none>","<N/A>","<N/A>","<N/A>","Data Scientist"
"2017-05-17 02:14:24.0","50.156.117.197","/solutions-by-roles/data-scientist/","HTTP:Request","Normal","<none>","GET","200","0.6040","<N/A>"
"2017-05-17 02:16:28.0","50.156.117.197","/solutions-by-roles/data-scientist/","HTTP:Request","Normal","<none>","GET","200","0.7530","<N/A>"
"2017-05-17 02:19:25.0","50.156.117.197","/solutions-by-roles/data-scientist/","HTTP:Request","Normal","<none>","GET","200","0.7380","<N/A>"
"2017-05-17 02:20:22.0","50.156.117.197","/germain-apm","HTTP:Request","Normal","<none>","GET","200","0.5610","<N/A>"
"2017-05-17 02:20:22.0","50.156.117.197","/solutions-by-roles/data-scientist/","HTTP:Click","Click on button","<none>","<N/A>","<N/A>","<N/A>","Learn more"
"2017-05-17 02:20:43.0","50.156.117.197","/newrelic-vs-germain-apm/","HTTP:Click","Click on link","<none>","<N/A>","<N/A>","<N/A>","germain APM (24×7, real-time, end-to-end, big data)"
"2017-05-17 02:20:44.0","50.156.117.197","/newrelic-vs-germain-apm/","HTTP:Request","Normal","<none>","GET","200","0.6900","<N/A>"
"2017-05-17 02:27:02.0","50.156.117.197","/","HTTP:Request","Normal","<none>","GET","200","0.7860","<N/A>"
"2017-05-17 15:36:00.0","50.156.117.197","/","HTTP:Request","Normal","<none>","GET","200","1.3530","<N/A>"
"2017-05-17 17:49:50.0","50.156.117.197","/landing/apm-brochure/","HTTP:Request","Normal","<none>","GET","200","0.8470","<N/A>"
"2017-05-17 17:49:56.0","50.156.117.197","/landing/apm-brochure/","HTTP:Request","Normal","<none>","GET","200","0.0040","<N/A>"
"2017-05-17 17:49:58.0","50.156.117.197","/landing/apm-brochure/","HTTP:Request","Normal","<none>","GET","200","0.7570","<N/A>"
"2017-05-17 18:32:25.0","50.156.117.197","/","HTTP:Request","Normal","<none>","GET","200","1.0800","<N/A>"
"2017-05-17 18:33:59.0","50.156.117.197","/","HTTP:Request","Normal","<none>","GET","200","0.9140","<N/A>"
"2017-05-17 18:34:32.0","50.156.117.197","/","HTTP:Request","Normal","<none>","GET","200","0.6270","<N/A>"
"2017-05-17 18:36:16.0","50.156.117.197","/","HTTP:Request","Normal","<none>","GET","200","0.4820","<N/A>"
"2017-05-17 18:38:16.0","50.156.117.197","/","HTTP:Request","Normal","<none>","GET","200","0.7630","<N/A>"
"2017-05-17 18:38:51.0","50.156.117.197","/","HTTP:Request","Normal","<none>","GET","200","0.6320","<N/A>"
"2017-05-17 18:39:15.0","50.156.117.197","/","HTTP:Request","Normal","<none>","GET","200","0.7490","<N/A>"
"2017-05-17 18:39:45.0","50.156.117.197","/","HTTP:Request","Normal","<none>","GET","200","0.5760","<N/A>"
"2017-05-17 18:42:19.0","50.156.117.197","/","HTTP:Request","Normal","<none>","GET","200","0.6320","<N/A>"
"2017-05-18 19:00:07.0","50.156.117.197","/","HTTP:Request","Normal","<none>","GET","200","0.7090","<N/A>"
"2017-05-19 01:10:36.0","50.156.117.197","/","HTTP:Request","Normal","<none>","GET","200","0.9770","<N/A>"
"2017-05-19 01:42:27.0","50.156.117.197","/","HTTP:Request","Normal","<none>","GET","200","1.2760","<N/A>"
"2017-05-19 06:13:32.0","50.156.117.197","/","HTTP:Request","Normal","<none>","GET","200","3.6580","<N/A>"
"2017-05-19 06:13:40.0","50.156.117.197","/","HTTP:Request","Normal","<none>","GET","200","1.4560","<N/A>"
"2017-05-19 06:14:04.0","50.156.117.197","/","HTTP:Request","Normal","<none>","GET","200","0.0330","<N/A>"
"2017-05-19 06:14:21.0","50.156.117.197","/pricing/","HTTP:Click","Click on link","<none>","<N/A>","<N/A>","<N/A>","Pricing"
"2017-05-19 15:17:41.0","50.156.117.197","/","HTTP:Request","Normal","<none>","GET","200","2.5410","<N/A>"
"2017-05-19 15:26:07.0","50.156.117.197","/","HTTP:Request","Normal","<none>","GET","200","1.5020","<N/A>"
"2017-05-19 15:27:57.0","50.156.117.197","/newrelic-vs-germain-apm/","HTTP:Request","Normal","<none>","GET","200","0.3320","<N/A>"
"2017-05-19 15:28:16.0","50.156.117.197","/germain-crt/","HTTP:Click","Click on link","<none>","<N/A>","<N/A>","<N/A>","germain CRT (Code/Object Review & Tuning Recommendations)"
"2017-05-19 15:28:18.0","50.156.117.197","/germain-crt/","HTTP:Request","Normal","<none>","GET","200","1.1930","<N/A>"
"2017-05-19 15:43:10.0","50.156.117.197","/","HTTP:Click","<default>","<none>","<N/A>","<N/A>","<N/A>","DIV"
"2017-05-19 16:31:31.0","50.156.117.197","/","HTTP:Request","Normal","<none>","GET","200","1.3330","<N/A>"
"2017-05-19 16:31:37.0","50.156.117.197","/germain-crt/","HTTP:Click","Click on link","<none>","<N/A>","<N/A>","<N/A>","germain CRT (Code/Object Review & Tuning Recommendations)"
"2017-05-19 16:31:38.0","50.156.117.197","/germain-crt/","HTTP:Request","Normal","<none>","GET","200","0.6680","<N/A>"
"2017-05-19 16:35:06.0","50.156.117.197","/germain-crt-benefits/","HTTP:Request","Normal","<none>","GET","200","0.8510","<N/A>"
"2017-05-19 16:35:55.0","50.156.117.197","/germain-crt/","HTTP:Request","Normal","<none>","GET","200","0.8410","<N/A>"
"2017-05-19 16:37:29.0","50.156.117.197","/germain-crt/","HTTP:Request","Normal","<none>","GET","200","0.5810","<N/A>"
"2017-05-19 16:38:54.0","50.156.117.197","/germain-crt/","HTTP:Click","<default>","<none>","<N/A>","<N/A>","<N/A>","H3"
"2017-05-19 16:42:32.0","50.156.117.197","/germain-crt/","HTTP:Request","Normal","<none>","GET","200","0.5240","<N/A>"
"2017-05-19 16:43:57.0","50.156.117.197","/germain-crt/","HTTP:Request","Normal","<none>","GET","200","0.6870","<N/A>"
"2017-05-19 16:44:59.0","50.156.117.197","/newrelic-vs-germain-apm/","HTTP:Request","Normal","<none>","GET","200","1.0060","<N/A>"
"2017-05-19 16:45:20.0","50.156.117.197","/germain-crt/","HTTP:Click","Click on link","<none>","<N/A>","<N/A>","<N/A>","germain CRT (Code/Object Review & Tuning Recommendations)"
"2017-05-19 16:45:21.0","50.156.117.197","/germain-crt/","HTTP:Request","Normal","<none>","GET","200","0.5390","<N/A>"
"2017-05-19 17:45:51.0","50.156.117.197","/","HTTP:Request","Normal","<none>","GET","200","1.5030","<N/A>"
"2017-05-19 17:49:06.0","50.156.117.197","/","HTTP:Request","Normal","<none>","GET","200","0.8600","<N/A>"
"2017-05-19 17:49:30.0","50.156.117.197","/","HTTP:Request","Normal","<none>","GET","200","0.7520","<N/A>"
"2017-05-19 17:50:48.0","50.156.117.197","/","HTTP:Request","Normal","<none>","GET","200","2.4240","<N/A>"
"2017-05-19 17:57:01.0","50.156.117.197","/plugins-available/","HTTP:Click","Click on link","<none>","<N/A>","<N/A>","<N/A>","Plugins"
"2017-05-19 17:57:02.0","50.156.117.197","/plugins-available/","HTTP:Request","Normal","<none>","GET","200","0.7800","<N/A>"
"2017-05-19 18:04:02.0","50.156.117.197","/for-any-performance-management/code-and-object-performance-review/","HTTP:Click","Click on link","<none>","<N/A>","<N/A>","<N/A>","Code/Objects Review/Recommendations"
"2017-05-19 18:06:22.0","50.156.117.197","/","HTTP:Request","Normal","<none>","GET","200","1.8350","<N/A>"
"2017-05-19 18:06:44.0","50.156.117.197","/","HTTP:Request","Normal","<none>","GET","200","0.9260","<N/A>"
"2017-05-19 18:08:35.0","50.156.117.197","/","HTTP:Request","Normal","<none>","GET","200","0.7230","<N/A>"
"2017-05-19 18:08:43.0","50.156.117.197","/for-any-performance-management/code-and-object-performance-review/","HTTP:Click","Click on link","<none>","<N/A>","<N/A>","<N/A>","Code/Objects Review/Recommendations"
"2017-05-19 18:17:27.0","50.156.117.197","/for-any-performance-management/code-and-object-performance-review/","HTTP:Request","Normal","<none>","GET","200","0.5910","<N/A>"
"2017-05-19 18:26:50.0","50.156.117.197","/for-any-performance-management/code-and-object-performance-review/","HTTP:Request","Normal","<none>","GET","200","0.5590","<N/A>"
"2017-05-19 18:27:23.0","50.156.117.197","/for-any-performance-management/code-and-object-performance-review/","HTTP:Request","Normal","<none>","GET","200","0.4650","<N/A>"
"2017-05-19 18:27:54.0","50.156.117.197","/for-any-performance-management/code-and-object-performance-review/","HTTP:Click","<default>","aq-template-wrapper-905","<N/A>","<N/A>","<N/A>","DIV"
"2017-05-19 18:29:00.0","50.156.117.197","/for-any-performance-management/code-and-object-performance-review/","HTTP:Request","Normal","<none>","GET","200","0.6910","<N/A>"
"2017-05-19 18:49:16.0","50.156.117.197","/for-any-performance-management/real-user-monitoring/","HTTP:Request","Normal","<none>","GET","200","0.4640","<N/A>"
"2017-05-19 18:49:16.0","50.156.117.197","/for-any-performance-management/real-user-monitoring/","HTTP:Click","Click on link","<none>","<N/A>","<N/A>","<N/A>","Real User Monitoring (any html apps)"
"2017-05-19 18:51:32.0","50.156.117.197","/for-any-performance-management/real-user-monitoring/","HTTP:Request","Normal","<none>","GET","200","0.6040","<N/A>"
"2017-05-19 18:55:06.0","50.156.117.197","/for-any-performance-management/real-user-monitoring/","HTTP:Request","Normal","<none>","GET","200","0.5970","<N/A>"
"2017-05-19 18:55:29.0","50.156.117.197","/for-any-performance-management/real-user-monitoring/","HTTP:Request","Normal","<none>","GET","200","0.6340","<N/A>"
"2017-05-19 18:56:06.0","50.156.117.197","/for-any-performance-management/real-user-monitoring/","HTTP:Request","Normal","<none>","GET","200","0.5990","<N/A>"
"2017-05-19 19:34:50.0","50.156.117.197","/for-any-performance-management/real-user-monitoring/","HTTP:Request","Normal","<none>","GET","200","0.0770","<N/A>"
"2017-05-19 19:34:56.0","50.156.117.197","/for-any-performance-management/real-user-monitoring/","HTTP:Request","Normal","<none>","GET","200","0.6860","<N/A>"
"2017-05-19 19:35:04.0","50.156.117.197","/for-any-performance-management/real-user-monitoring/","HTTP:Click","<default>","<none>","<N/A>","<N/A>","<N/A>","VIDEO"
"2017-05-19 19:35:05.0","50.156.117.197","/for-any-performance-management/real-user-monitoring/","HTTP:Click","<default>","<none>","<N/A>","<N/A>","<N/A>","VIDEO"
"2017-05-19 19:35:05.0","50.156.117.197","/for-any-performance-management/real-user-monitoring/","HTTP:Click","<default>","<none>","<N/A>","<N/A>","<N/A>","VIDEO"
"2017-05-19 19:35:05.0","50.156.117.197","/for-any-performance-management/real-user-monitoring/","HTTP:Click","<default>","<none>","<N/A>","<N/A>","<N/A>","VIDEO"
"2017-05-19 19:35:37.0","50.156.117.197","/for-any-performance-management/application-performance-monitoring/","HTTP:Click","Click on link","<none>","<N/A>","<N/A>","<N/A>","Application Performance Monitoring (Real-time, End-to-end)"
"2017-05-19 19:35:50.0","50.156.117.197","/for-any-performance-management/application-performance-monitoring/","HTTP:Click","Click on image","<none>","<N/A>","<N/A>","<N/A>","http://germainapm.com/wp-content/uploads/2014/09/Germain-APM_011.jpg"
"2017-05-19 19:36:15.0","50.156.117.197","/for-any-performance-management/application-performance-monitoring/","HTTP:Click","<default>","<none>","<N/A>","<N/A>","<N/A>","DIV"
"2017-05-19 19:38:24.0","50.156.117.197","/for-any-performance-management/application-performance-monitoring/","HTTP:Request","Normal","<none>","GET","200","0.5850","<N/A>"
"2017-05-19 19:38:56.0","50.156.117.197","/for-any-performance-management/application-performance-monitoring/","HTTP:Request","Normal","<none>","GET","200","0.6930","<N/A>"
"2017-05-19 19:45:12.0","50.156.117.197","/germain-crt/","HTTP:Request","Normal","<none>","GET","200","0.5810","<N/A>"
"2017-05-19 19:45:12.0","50.156.117.197","/germain-crt/","HTTP:Click","Click on link","<none>","<N/A>","<N/A>","<N/A>","germain CRT (Code/Object Review & Tuning Recommendations)"
"2017-05-19 19:50:59.0","50.156.117.197","/landing/download-germain-crt/","HTTP:Request","Normal","<none>","GET","200","4.0870","<N/A>"
"2017-05-19 20:05:54.0","50.156.117.197","/germain-crt/","HTTP:Request","Normal","<none>","GET","200","0.5420","<N/A>"
"2017-05-19 20:09:27.0","50.156.117.197","/newrelic-vs-germain-apm/","HTTP:Request","Normal","<none>","GET","200","0.5110","<N/A>"
"2017-05-19 20:09:27.0","50.156.117.197","/newrelic-vs-germain-apm/","HTTP:Click","Click on link","<none>","<N/A>","<N/A>","<N/A>","germain APM (24×7, real-time, end-to-end, big data)"
"2017-05-19 20:09:51.0","50.156.117.197","/newrelic-vs-germain-apm/","HTTP:Click","<default>","<none>","<N/A>","<N/A>","<N/A>","DIV"
"2017-05-19 20:09:58.0","50.156.117.197","/newrelic-vs-germain-apm/","HTTP:Click","<default>","<none>","<N/A>","<N/A>","<N/A>","DIV"
"2017-05-19 20:09:58.0","50.156.117.197","/newrelic-vs-germain-apm/","HTTP:Click","<default>","<none>","<N/A>","<N/A>","<N/A>","DIV"
"2017-05-19 20:09:58.0","50.156.117.197","/newrelic-vs-germain-apm/","HTTP:Click","<default>","<none>","<N/A>","<N/A>","<N/A>","DIV"
"2017-05-19 20:10:33.0","50.156.117.197","/newrelic-vs-germain-apm/","HTTP:Request","Normal","<none>","GET","200","0.6230","<N/A>"
"2017-05-19 20:11:20.0","50.156.117.197","/newrelic-vs-germain-apm/","HTTP:Click","<default>","<none>","<N/A>","<N/A>","<N/A>","H2"
"2017-05-19 20:11:22.0","50.156.117.197","/newrelic-vs-germain-apm/","HTTP:Click","<default>","<none>","<N/A>","<N/A>","<N/A>","H2"
"2017-05-19 20:11:24.0","50.156.117.197","/newrelic-vs-germain-apm/","HTTP:Click","<default>","<none>","<N/A>","<N/A>","<N/A>","H2"
"2017-05-19 21:25:10.0","50.156.117.197","/newrelic-vs-germain-apm/","HTTP:Request","Normal","<none>","GET","200","0.6910","<N/A>"
"2017-05-19 21:25:47.0","50.156.117.197","<default>","HTTP:Click","Click on link","<none>","<N/A>","<N/A>","<N/A>","2"
"2017-05-19 21:25:48.0","50.156.117.197","<default>","HTTP:Click","Click on link","<none>","<N/A>","<N/A>","<N/A>","3"
"2017-05-19 21:25:50.0","50.156.117.197","<default>","HTTP:Click","Click on link","<none>","<N/A>","<N/A>","<N/A>","4"
"2017-05-19 21:25:51.0","50.156.117.197","<default>","HTTP:Click","Click on link","<none>","<N/A>","<N/A>","<N/A>","5"
"2017-05-19 21:25:52.0","50.156.117.197","/newrelic-vs-germain-apm/","HTTP:Click","<default>","<none>","<N/A>","<N/A>","<N/A>","OL"
"2017-05-19 21:25:53.0","50.156.117.197","<default>","HTTP:Click","Click on link","<none>","<N/A>","<N/A>","<N/A>","6"
"2017-05-19 21:26:25.0","50.156.117.197","/germain-crt/","HTTP:Request","Normal","<none>","GET","200","0.7520","<N/A>"
"2017-05-19 21:26:25.0","50.156.117.197","/germain-crt/","HTTP:Click","Click on link","<none>","<N/A>","<N/A>","<N/A>","germain CRT (Code/Object Review & Tuning Recommendations)"
"2017-05-19 21:41:45.0","50.156.117.197","/germain-crt/","HTTP:Request","Normal","<none>","GET","200","0.7640","<N/A>"
"2017-05-19 21:42:11.0","50.156.117.197","/germain-crt/","HTTP:Request","Normal","<none>","GET","200","0.6190","<N/A>"
"2017-05-19 21:45:35.0","50.156.117.197","/germain-crt/","HTTP:Request","Normal","<none>","GET","200","0.5490","<N/A>"
"2017-05-19 21:46:12.0","50.156.117.197","/germain-crt/","HTTP:Request","Normal","<none>","GET","200","0.6630","<N/A>"
"2017-05-19 21:47:05.0","50.156.117.197","/germain-crt/","HTTP:Request","Normal","<none>","GET","200","0.6460","<N/A>"
"2017-05-19 21:55:20.0","50.156.117.197","/germain-crt/","HTTP:Request","Normal","<none>","GET","200","0.5080","<N/A>"
"2017-05-19 21:55:29.0","50.156.117.197","/germain-crt/","HTTP:Click","<default>","<none>","<N/A>","<N/A>","<N/A>","SPAN"
"2017-05-19 21:55:46.0","50.156.117.197","/newrelic-vs-germain-apm/","HTTP:Click","Click on link","<none>","<N/A>","<N/A>","<N/A>","germain APM (24×7, real-time, end-to-end, big data)"
"2017-05-19 21:55:47.0","50.156.117.197","/newrelic-vs-germain-apm/","HTTP:Request","Normal","<none>","GET","200","0.4730","<N/A>"
"2017-05-19 21:57:03.0","50.156.117.197","/newrelic-vs-germain-apm/","HTTP:Request","Normal","<none>","GET","200","0.5010","<N/A>"
"2017-05-19 21:57:27.0","50.156.117.197","/newrelic-vs-germain-apm/","HTTP:Click","<default>","<none>","<N/A>","<N/A>","<N/A>","SPAN"
"2017-05-19 21:57:43.0","50.156.117.197","/newrelic-vs-germain-apm/","HTTP:Request","Normal","<none>","GET","200","0.0010","<N/A>"
"2017-05-19 21:58:19.0","50.156.117.197","/germain-crt/","HTTP:Click","Click on link","<none>","<N/A>","<N/A>","<N/A>","germain CRT (Code/Object Review & Tuning Recommendations)"
"2017-05-19 21:58:20.0","50.156.117.197","/germain-crt/","HTTP:Request","Normal","<none>","GET","200","0.5690","<N/A>"
"2017-05-19 22:13:08.0","50.156.117.197","/germain-crt/","HTTP:Request","Normal","<none>","GET","200","0.6020","<N/A>"
"2017-05-19 22:26:31.0","50.156.117.197","/newrelic-vs-germain-apm/","HTTP:Click","Click on link","<none>","<N/A>","<N/A>","<N/A>","germain APM (24×7, real-time, end-to-end, big data)"
"2017-05-19 22:26:32.0","50.156.117.197","/newrelic-vs-germain-apm/","HTTP:Request","Normal","<none>","GET","200","0.7480","<N/A>"
"2017-05-19 22:27:05.0","50.156.117.197","/germain-crt/","HTTP:Click","Click on link","<none>","<N/A>","<N/A>","<N/A>","germain CRT (Code/Object Review & Tuning Recommendations)"
"2017-05-19 22:27:06.0","50.156.117.197","/germain-crt/","HTTP:Request","Normal","<none>","GET","200","0.5100","<N/A>"
"2017-05-20 17:26:20.0","50.156.117.197","/","HTTP:Request","Normal","<none>","GET","200","2.0300","<N/A>"
"2017-05-20 17:26:25.0","50.156.117.197","/clients/","HTTP:Click","Click on link","<none>","<N/A>","<N/A>","<N/A>","Clients"
"2017-05-20 17:26:26.0","50.156.117.197","/clients/","HTTP:Request","Normal","<none>","GET","200","0.4220","<N/A>"
"2017-05-22 18:02:48.0","50.156.117.197","/","HTTP:Request","Normal","<none>","GET","200","1.6400","<N/A>"
"2017-05-22 18:02:54.0","50.156.117.197","/cloud","HTTP:Click","Click on link","<none>","<N/A>","<N/A>","<N/A>","Login"
"2017-05-22 18:38:44.0","50.156.117.197","/","HTTP:Request","Normal","<none>","GET","200","1.1390","<N/A>"
"2017-05-22 18:45:52.0","50.156.117.197","/","HTTP:Request","Normal","<none>","GET","200","0.8600","<N/A>"
"2017-05-22 20:47:39.0","50.84.161.186","/","HTTP:Request","Normal","<none>","GET","200","1.9210","<N/A>"
"2017-05-22 20:47:51.0","50.84.161.186","/","HTTP:Click","<default>","<none>","<N/A>","<N/A>","<N/A>","DIV"
"2017-05-17 01:10:53.0","54.174.57.78","/","HTTP:Request","Normal","<none>","GET","200","0.2410","<N/A>"
"2017-05-17 01:35:30.0","54.174.57.97","/","HTTP:Request","Normal","<none>","GET","200","0.8230","<N/A>"
"2017-05-17 01:35:30.0","54.174.60.41","/","HTTP:Request","Normal","<none>","GET","200","0.4250","<N/A>"
"2017-05-22 14:57:45.0","59.144.118.90","/","HTTP:Request","Normal","<none>","GET","200","0.6220","<N/A>"
"2017-05-22 14:59:04.0","59.144.118.90","/give-us-a-shout/","HTTP:Click","Click on link","<none>","<N/A>","<N/A>","<N/A>","Contact us"
"2017-05-22 14:59:06.0","59.144.118.90","/give-us-a-shout/","HTTP:Request","Normal","<none>","GET","200","1.8350","<N/A>"
"2017-05-22 15:00:37.0","59.144.118.90","/give-us-a-shout/","HTTP:Click","<default>","<none>","<N/A>","<N/A>","<N/A>","H4"
"2017-05-16 07:54:50.0","61.5.90.208","/cloud/","HTTP:Click","<default>","<none>","<N/A>","<N/A>","<N/A>","BODY"
"2017-05-22 17:55:19.0","64.202.160.161","/","HTTP:Request","Normal","<none>","GET","200","0.1830","<N/A>"
"2017-05-22 17:55:26.0","64.202.160.161","/","HTTP:Click","<default>","<none>","<N/A>","<N/A>","<N/A>","DIV"
"2017-05-22 17:56:35.0","64.202.160.161","/","HTTP:Click","<default>","<none>","<N/A>","<N/A>","<N/A>","P"
"2017-05-17 02:26:46.0","64.202.160.248","/","HTTP:Request","Async","<none>","GET","200","0.5690","<N/A>"
"2017-05-17 02:27:09.0","64.202.160.248","/","HTTP:Request","Async","<none>","GET","200","0.5690","<N/A>"
"2017-05-19 16:51:14.0","64.202.160.248","/","HTTP:Request","Async","<none>","GET","200","0.7090","<N/A>"
"2017-05-19 16:51:38.0","64.202.160.248","/","HTTP:Request","Async","<none>","GET","200","0.7600","<N/A>"
"2017-05-17 05:18:38.0","65.57.245.11","/","HTTP:Request","Normal","<none>","GET","200","0.0170","<N/A>"
"2017-05-17 05:28:09.0","65.57.245.11","/","HTTP:Request","Normal","<none>","GET","200","0.0070","<N/A>"
"2017-05-17 14:08:18.0","66.203.207.66","/","HTTP:Click","Click on link","<none>","<N/A>","<N/A>","<N/A>","Home"
"2017-05-17 14:08:19.0","66.203.207.66","/","HTTP:Request","Normal","<none>","GET","200","0.8480","<N/A>"
"2017-05-17 14:08:23.0","66.203.207.66","/","HTTP:Click","<default>","<none>","<N/A>","<N/A>","<N/A>","LI"
"2017-05-17 14:08:24.0","66.203.207.66","/","HTTP:Click","<default>","<none>","<N/A>","<N/A>","<N/A>","DIV"
"2017-05-17 14:08:24.0","66.203.207.66","/","HTTP:Click","<default>","<none>","<N/A>","<N/A>","<N/A>","LI"
"2017-05-17 14:08:24.0","66.203.207.66","/","HTTP:Click","<default>","<none>","<N/A>","<N/A>","<N/A>","DIV"
"2017-05-17 14:08:25.0","66.203.207.66","/","HTTP:Click","<default>","<none>","<N/A>","<N/A>","<N/A>","DIV"
"2017-05-17 14:08:28.0","66.203.207.66","/","HTTP:Click","<default>","<none>","<N/A>","<N/A>","<N/A>","DIV"
"2017-05-17 14:08:29.0","66.203.207.66","/","HTTP:Click","<default>","<none>","<N/A>","<N/A>","<N/A>","DIV"
"2017-05-17 14:08:30.0","66.203.207.66","/","HTTP:Click","<default>","<none>","<N/A>","<N/A>","<N/A>","DIV"
"2017-05-17 14:08:30.0","66.203.207.66","/","HTTP:Click","<default>","<none>","<N/A>","<N/A>","<N/A>","DIV"
"2017-05-17 14:08:31.0","66.203.207.66","/","HTTP:Click","<default>","<none>","<N/A>","<N/A>","<N/A>","DIV"
"2017-05-17 14:08:46.0","66.203.207.66","/","HTTP:Click","<default>","<none>","<N/A>","<N/A>","<N/A>","H3"
"2017-05-17 14:08:46.0","66.203.207.66","/","HTTP:Click","<default>","<none>","<N/A>","<N/A>","<N/A>","H3"
"2017-05-17 14:08:49.0","66.203.207.66","/","HTTP:Click","<default>","aq-block-695-25","<N/A>","<N/A>","<N/A>","DIV"
"2017-05-17 14:10:26.0","66.203.207.66","/","HTTP:Click","<default>","aq-block-695-25","<N/A>","<N/A>","<N/A>","DIV"
"2017-05-19 14:19:46.0","66.249.66.19","/","HTTP:Request","Normal","<none>","GET","200","0.2410","<N/A>"
"2017-05-20 20:56:22.0","67.161.44.226","/cloud/","HTTP:Click","<default>","<none>","<N/A>","<N/A>","<N/A>","DIV"
"2017-05-18 02:21:14.0","67.177.152.206","/","HTTP:Request","Normal","<none>","GET","200","0.7910","<N/A>"
"2017-05-18 02:21:33.0","67.177.152.206","/newrelic-vs-germain-apm/","HTTP:Click","Click on link","<none>","<N/A>","<N/A>","<N/A>","germain APM (24×7, real-time, end-to-end, big data)"
"2017-05-18 02:21:34.0","67.177.152.206","/newrelic-vs-germain-apm/","HTTP:Request","Normal","<none>","GET","200","0.4130","<N/A>"
"2017-05-18 02:21:46.0","67.177.152.206","/newrelic-vs-germain-apm/","HTTP:Click","<default>","<none>","<N/A>","<N/A>","<N/A>","I"
"2017-05-18 02:22:09.0","67.177.152.206","/newrelic-vs-germain-apm/","HTTP:Click","Click on image","<none>","<N/A>","<N/A>","<N/A>","http://germainapm.com/wp-content/uploads/2014/09/Germain-APM_011.jpg"
"2017-05-18 02:22:10.0","67.177.152.206","/newrelic-vs-germain-apm/","HTTP:Request","Normal","<none>","GET","200","0.5440","<N/A>"
"2017-05-18 02:22:45.0","67.177.152.206","/newrelic-vs-germain-apm/","HTTP:Click","<default>","highlights_30","<N/A>","<N/A>","<N/A>","DIV"
"2017-05-18 02:22:45.0","67.177.152.206","/newrelic-vs-germain-apm/","HTTP:Click","<default>","highlights_30","<N/A>","<N/A>","<N/A>","DIV"
"2017-05-18 02:23:14.0","67.177.152.206","/for-any-performance-management/application-performance-monitoring/","HTTP:Click","Click on link","<none>","<N/A>","<N/A>","<N/A>","Application Performance Monitoring (Real-time, End-to-end)"
"2017-05-18 02:26:47.0","67.177.152.206","/for-any-performance-management/application-performance-monitoring/","HTTP:Click","Click on link","<none>","<N/A>","<N/A>","<N/A>","Application Performance Monitoring (Real-time, End-to-end)"
"2017-05-18 02:27:13.0","67.177.152.206","/newrelic-vs-germain-apm/","HTTP:Request","Normal","<none>","GET","200","0.3710","<N/A>"
"2017-05-18 02:27:13.0","67.177.152.206","/newrelic-vs-germain-apm/","HTTP:Click","Click on link","<none>","<N/A>","<N/A>","<N/A>","germain APM (24×7, real-time, end-to-end, big data)"
"2017-05-18 02:27:38.0","67.177.152.206","/newrelic-vs-germain-apm/","HTTP:Click","<default>","<none>","<N/A>","<N/A>","<N/A>","H2"
"2017-05-18 02:27:42.0","67.177.152.206","/newrelic-vs-germain-apm/","HTTP:Click","<default>","<none>","<N/A>","<N/A>","<N/A>","H2"
"2017-05-18 02:27:45.0","67.177.152.206","/newrelic-vs-germain-apm/","HTTP:Click","<default>","<none>","<N/A>","<N/A>","<N/A>","H2"
"2017-05-18 02:27:46.0","67.177.152.206","/newrelic-vs-germain-apm/","HTTP:Click","<default>","<none>","<N/A>","<N/A>","<N/A>","H2"
"2017-05-18 02:27:48.0","67.177.152.206","/newrelic-vs-germain-apm/","HTTP:Click","<default>","<none>","<N/A>","<N/A>","<N/A>","H2"
"2017-05-18 02:27:49.0","67.177.152.206","/newrelic-vs-germain-apm/","HTTP:Click","<default>","<none>","<N/A>","<N/A>","<N/A>","H2"
"2017-05-18 02:27:50.0","67.177.152.206","/newrelic-vs-germain-apm/","HTTP:Click","<default>","<none>","<N/A>","<N/A>","<N/A>","H2"
"2017-05-22 18:03:39.0","67.198.47.100","/","HTTP:Request","Normal","<none>","GET","200","2.2880","<N/A>"
"2017-05-16 18:30:43.0","69.181.213.154","/pricing/","HTTP:Click","Click on link","<none>","<N/A>","<N/A>","<N/A>","Pricing"
"2017-05-19 23:55:50.0","70.53.222.91","/","HTTP:Request","Normal","<none>","GET","200","1.2470","<N/A>"
"2017-05-17 22:08:51.0","70.57.49.241","/our-leadership/","HTTP:Request","Normal","<none>","GET","200","0.8060","<N/A>"
"2017-05-17 22:09:25.0","70.57.49.241","/","HTTP:Request","Normal","<none>","GET","200","0.4490","<N/A>"
"2017-05-18 20:58:09.0","70.57.49.241","/","HTTP:Request","Normal","<none>","GET","200","1.0230","<N/A>"
"2017-05-18 20:58:25.0","70.57.49.241","/cloud","HTTP:Click","Click on link","<none>","<N/A>","<N/A>","<N/A>","Login"
"2017-05-17 16:00:49.0","73.117.114.145","/pricing/","HTTP:Click","Click on link","<none>","<N/A>","<N/A>","<N/A>","Pricing"
"2017-05-22 22:13:36.0","73.13.108.4","/","HTTP:Request","Normal","<none>","GET","200","1.5880","<N/A>"
"2017-05-17 21:25:01.0","73.134.38.154","/pricing/","HTTP:Click","Click on link","<none>","<N/A>","<N/A>","<N/A>","Pricing"
"2017-05-22 20:49:22.0","74.87.100.194","/hotnews/tag/crm/","HTTP:Request","Normal","<none>","GET","200","1.1640","<N/A>"
"2017-05-18 18:36:16.0","75.165.60.104","/contact-us/","HTTP:Request","Normal","<none>","GET","200","0.9270","<N/A>"
"2017-05-18 18:36:28.0","75.165.60.104","/contact-us/","HTTP:Click","<default>","<none>","<N/A>","<N/A>","<N/A>","BODY"
"2017-05-18 18:36:36.0","75.165.60.104","/contact-us/","HTTP:Request","Normal","<none>","GET","200","0.5780","<N/A>"
"2017-05-18 18:37:02.0","75.165.60.104","/contact-us/","HTTP:Click","<default>","<none>","<N/A>","<N/A>","<N/A>","DIV"
"2017-05-18 18:37:08.0","75.165.60.104","/contact-us/","HTTP:Click","<default>","<none>","<N/A>","<N/A>","<N/A>","DIV"
"2017-05-18 18:37:17.0","75.165.60.104","/contact-us/","HTTP:Click","<default>","<none>","<N/A>","<N/A>","<N/A>","DIV"
"2017-05-16 03:48:27.0","76.117.85.126","/","HTTP:Click","Click on link","<none>","<N/A>","<N/A>","<N/A>","Home"
"2017-05-19 17:10:08.0","77.46.223.124","/cloud/","HTTP:Click","Click on image","<none>","<N/A>","<N/A>","<N/A>","http://germainapm.com/wp-content/uploads/2016/08/logo-website-2.png"
"2017-05-19 17:10:11.0","77.46.223.124","/","HTTP:Request","Normal","<none>","GET","200","2.7240","<N/A>"
"2017-05-19 17:10:26.0","77.46.223.124","/pricing/","HTTP:Click","Click on link","<none>","<N/A>","<N/A>","<N/A>","Pricing"
"2017-05-16 07:15:56.0","77.50.63.150","/cloud/","HTTP:Request","Normal","<none>","GET","200","1.0880","<N/A>"
"2017-05-16 14:10:00.0","77.50.63.150","/cloud/","HTTP:Request","Normal","<none>","GET","200","1.0080","<N/A>"
"2017-05-16 14:26:28.0","77.50.63.150","/cloud/","HTTP:Request","Normal","<none>","GET","200","2.6280","<N/A>"
"2017-05-17 07:31:28.0","77.50.63.150","/cloud/","HTTP:Request","Normal","<none>","GET","200","2.3760","<N/A>"
"2017-05-17 09:21:30.0","77.50.63.150","/cloud/","HTTP:Request","Normal","<none>","GET","200","1.9440","<N/A>"
"2017-05-22 07:28:20.0","77.50.63.150","/cloud/","HTTP:Request","Normal","<none>","GET","200","2.3060","<N/A>"
"2017-05-22 07:05:04.0","79.185.18.215","/","HTTP:Request","Normal","<none>","GET","200","3.1350","<N/A>"
"2017-05-17 10:00:17.0","79.185.77.34","/pricing/","HTTP:Click","Click on link","<none>","<N/A>","<N/A>","<N/A>","Pricing"
"2017-05-18 10:58:21.0","81.61.138.147","/","HTTP:Click","Click on link","<none>","<N/A>","<N/A>","<N/A>","Home"
"2017-05-18 10:58:23.0","81.61.138.147","/","HTTP:Request","Normal","<none>","GET","200","2.4010","<N/A>"
"2017-05-18 10:58:45.0","81.61.138.147","/","HTTP:Click","<default>","<none>","<N/A>","<N/A>","<N/A>","DIV"
"2017-05-18 10:58:48.0","81.61.138.147","/","HTTP:Click","<default>","<none>","<N/A>","<N/A>","<N/A>","DIV"
"2017-05-18 10:58:50.0","81.61.138.147","/","HTTP:Click","<default>","<none>","<N/A>","<N/A>","<N/A>","DIV"
"2017-05-18 10:58:52.0","81.61.138.147","/","HTTP:Click","<default>","<none>","<N/A>","<N/A>","<N/A>","DIV"
"2017-05-18 10:58:53.0","81.61.138.147","/","HTTP:Click","Click on image","<none>","<N/A>","<N/A>","<N/A>","http://germainapm.com/wp-content/uploads/2017/03/germainAPMcloud-1.png"
"2017-05-18 14:01:48.0","88.157.199.115","/","HTTP:Request","Normal","<none>","GET","200","0.3130","<N/A>"
"2017-05-18 14:01:54.0","88.157.199.115","/","HTTP:Click","<default>","<none>","<N/A>","<N/A>","<N/A>","DIV"
"2017-05-18 14:02:28.0","88.157.199.115","/for-any-performance-management/proactive-detection-and-resolution-of-performance-issues/","HTTP:Click","Click on link","<none>","<N/A>","<N/A>","<N/A>","Proactive Detection and Root-Cause Analysis(Predictive Analytics, Synthetic Mechanisms, etc)"
"2017-05-18 14:02:38.0","88.157.199.115","/for-any-performance-management/proactive-detection-and-resolution-of-performance-issues/","HTTP:Click","<default>","<none>","<N/A>","<N/A>","<N/A>","H3"
"2017-05-17 16:06:12.0","91.215.8.18","/","HTTP:Request","Normal","<none>","GET","200","0.9800","<N/A>"
"2017-05-22 16:58:23.0","94.254.252.60","/","HTTP:Request","Normal","<none>","GET","200","3.2070","<N/A>"